factory_industrial_part_left_02,factory_industrial_part_left,factory_industrial_part_left,factory_industrial_part_left,factory_industrial_part_left,factory_industrial_part_left,factory_industrial_part_left,factory_industrial_part_left,factory_industrial_part_left,factory_industrial_part_left,factory_industrial_part_left,factory_industrial_part_left,factory_industrial_part_left,factory_industrial_part_left,factory_industrial_part_left_02
factory_industrial_part_top,,,,,,,,,,,,,,factory_industrial_part_top
factory_industrial_part_top,,,,,,,,,,,,,,factory_industrial_part_top
factory_industrial_part_top,,,,,,,,,,,,,,factory_industrial_part_top
factory_industrial_part_top,,,,,,,,,,,,,,factory_industrial_part_top
factory_industrial_part_top,,,,,,,,,,,,,,factory_industrial_part_top
factory_industrial_part_top,,,,,,,,,,,,,,factory_industrial_part_top
factory_industrial_part_top,,,,,,,,,,,,,,factory_industrial_part_top
factory_industrial_part_top,,,,,,,,,,,,,,factory_industrial_part_top
factory_industrial_part_left_02,factory_industrial_part_left,factory_industrial_part_left,factory_industrial_part_left,factory_industrial_part_left,factory_industrial_part_left,factory_industrial_part_left,factory_industrial_part_left,factory_industrial_part_left,factory_industrial_part_left,factory_industrial_part_left,factory_industrial_part_left,factory_industrial_part_left,factory_industrial_part_left,factory_industrial_part_left_02
