garden_tree_8,,,garden_grass_3,,,,,,
,,,,roof_wooden_01_front_02,roof_wooden_01_front_02,roof_wooden_01_front_02,roof_wooden_01_front_02,roof_wooden_01_front_02,garden_tree_8
garden_grass_3,,garden_tree_6,,roof_wooden_01_front_02,roof_wooden_01_front_02,roof_wooden_01_front_02,roof_concrete_01_middle_middle_02,roof_wooden_01_front_02,
,garden_tree_8,,,roof_wooden_01_front_02,roof_wooden_01_front_02,roof_wooden_01_front_02,roof_wooden_01_front_02,roof_wooden_01_front_02,
,,garden_grass_3,,roof_wooden_01_front_01,roof_wooden_01_front_01,roof_wooden_01_front_01,roof_wooden_01_front_01,roof_wooden_01_front_01,garden_grass_3
,garden_tree_6,,,,,,,,
,,,,,,garden_dirty_1,,,
garden_tree_8,garden_grass_3,,garden_tree_6,,,garden_dirty_1,garden_grass_3,,
,,,,,garden_tree_8,garden_dirty_1,garden_tree_6,,garden_grass_3
,,garden_tree_6,,,garden_dirty_1,garden_dirty_1,,,
