water_01,water_01,water_01,water_01,water_01,water_01,water_01,water_01,water_01,water_01,water_01,water_01,water_01,water_01,water_01,water_01,water_01,water_01,water_01,water_01,water_01,water_01,water_01,water_01,water_01,water_01,water_01,water_01,water_01,water_01
water_01,water_01,water_01,water_01,water_01,water_01,water_01,water_01,water_01,water_01,water_01,water_01,water_01,water_01,water_01,water_01,water_01,water_01,water_01,water_01,water_01,water_01,water_01,water_01,water_01,water_01,water_01,water_01,water_01,water_01
water_01,water_01,water_01,water_01,water_01,water_01,water_01,water_01,water_01,water_01,water_01,water_01,water_01,water_01,water_01,water_01,water_01,water_01,water_01,water_01,water_01,water_01,water_01,water_01,water_01,water_01,water_01,water_01,water_01,water_01
water_01,water_01,water_01,water_01,water_01,water_01,water_01,water_01,water_01,water_01,water_01,water_01,water_01,water_01,water_01,water_01,water_01,water_01,water_01,water_01,water_01,water_01,water_01,water_01,water_01,water_01,water_01,water_01,water_01,water_01
water_01,water_01,water_01,water_01,water_01,water_01,water_01,water_01,water_01,water_01,water_01,water_01,water_01,water_01,water_01,water_01,water_01,water_01,water_01,water_01,water_01,water_01,water_01,water_01,water_01,water_01,water_01,water_01,water_01,water_01
water_01,water_01,water_01,water_01,water_01,water_01,water_01,water_01,water_01,water_01,water_01,water_01,water_01,water_01,water_01,water_01,water_01,water_01,water_01,water_01,water_01,water_01,water_01,water_01,water_01,water_01,water_01,water_01,water_01,water_01
water_01,water_01,water_01,water_01,water_01,water_01,water_01,water_01,water_01,water_01,water_01,water_01,water_01,water_01,water_01,water_01,water_01,water_01,water_01,water_01,water_01,water_01,water_01,water_01,water_01,water_01,water_01,water_01,water_01,water_01
water_01,water_01,water_01,water_01,water_01,water_01,water_01,water_01,water_01,water_01,water_01,water_01,water_01,water_01,water_01,water_01,water_01,water_01,water_01,water_01,water_01,water_01,water_01,water_01,water_01,water_01,water_01,water_01,water_01,water_01
water_01,water_01,water_01,water_01,water_01,water_01,water_01,water_01,water_01,water_01,water_01,water_01,water_01,water_01,water_01,water_01,water_01,water_01,water_01,water_01,water_01,water_01,water_01,water_01,water_01,water_01,water_01,water_01,water_01,water_01
water_01,water_01,water_01,water_01,water_01,water_01,water_01,water_01,water_01,water_01,water_01,water_01,water_01,water_01,water_01,water_01,water_01,water_01,water_01,water_01,water_01,water_01,water_01,water_01,water_01,water_01,water_01,water_01,water_01,water_01
water_01,water_01,water_01,water_01,water_01,water_01,water_01,water_01,water_01,water_01,water_01,water_01,water_01,water_01,water_01,water_01,water_01,water_01,water_01,water_01,water_01,water_01,water_01,water_01,water_01,water_01,water_01,water_01,water_01,water_01
water_01,water_01,bg,bg,bg,bg,bg,bg,bg,bg,bg,bg,bg,bg,bg,bg,bg,bg,bg,bg,bg,bg,,bg,water_01,water_01,water_01,water_01,water_01,water_01
water_01,bg,bg,bg,bg,bg,bg,bg,bg,bg,bg,bg,bg,bg,bg,bg,bg,bg,bg,bg,bg,bg,bg,bg,bg,bg,water_01,water_01,water_01,water_01
,bg,bg,bg,bg,bg,house_floor_01,house_floor_01,bg,bg,bg,bg,bg,bg,bg,bg,bg,bg,bg,bg,bg,bg,bg,bg,bg,bg,bg,bg,water_01,water_01
,bg,bg,bg,bg,bg,house_floor_01,house_floor_01,bg,bg,bg,bg,bg,bg,bg,bg,bg,bg,bg,bg,bg,bg,bg,bg,bg,bg,bg,bg,bg,water_01
,bg,bg,bg,bg,bg,bg,bg,bg,bg,bg,bg,bg,bg,bg,bg,bg,bg,bg,bg,bg,bg,bg,bg,bg,bg,bg,,water_01,water_01
water_01,bg,bg,bg,bg,bg,bg,bg,bg,bg,bg,bg,bg,bg,bg,bg,bg,bg,bg,bg,bg,bg,bg,bg,bg,bg,water_01,water_01,water_01,water_01
water_01,water_01,bg,bg,bg,bg,bg,bg,bg,bg,bg,bg,bg,bg,bg,bg,bg,bg,bg,bg,bg,bg,bg,bg,water_01,water_01,water_01,water_01,water_01,water_01
water_01,water_01,water_01,water_01,water_01,water_01,water_01,water_01,water_01,water_01,water_01,water_01,water_01,water_01,water_01,asphalt_01,asphalt_01,asphalt_01,water_01,water_01,water_01,water_01,water_01,water_01,water_01,water_01,water_01,water_01,water_01,water_01
water_01,water_01,water_01,water_01,water_01,water_01,water_01,water_01,water_01,water_01,water_01,water_01,water_01,water_01,water_01,asphalt_01,asphalt_01,asphalt_01,water_01,water_01,asphalt_01,asphalt_01,asphalt_01,asphalt_01,asphalt_01,asphalt_01,asphalt_01,water_01,water_01,water_01
water_01,water_01,water_01,water_01,water_01,water_01,water_01,water_01,water_01,water_01,water_01,water_01,water_01,water_01,water_01,asphalt_01,asphalt_01,asphalt_01,water_01,water_01,asphalt_01,asphalt_01,asphalt_01,asphalt_01,asphalt_01,asphalt_01,asphalt_01,water_01,water_01,water_01
water_01,water_01,water_01,water_01,water_01,water_01,water_01,water_01,water_01,water_01,water_01,asphalt_01,asphalt_01,asphalt_01,asphalt_01,asphalt_01,asphalt_01,asphalt_01,asphalt_01,asphalt_01,asphalt_01,asphalt_01,asphalt_01,asphalt_01,asphalt_01,asphalt_01,asphalt_01,water_01,water_01,water_01
water_01,water_01,water_01,water_01,water_01,water_01,water_01,water_01,water_01,water_01,water_01,asphalt_01,asphalt_01,asphalt_01,asphalt_01,asphalt_01,asphalt_01,asphalt_01,asphalt_01,asphalt_01,asphalt_01,asphalt_01,asphalt_01,asphalt_01,asphalt_01,asphalt_01,asphalt_01,water_01,water_01,water_01
water_01,water_01,water_01,water_01,water_01,water_01,water_01,water_01,water_01,water_01,water_01,asphalt_01,asphalt_01,asphalt_01,asphalt_01,asphalt_01,asphalt_01,asphalt_01,asphalt_01,asphalt_01,asphalt_01,asphalt_01,asphalt_01,asphalt_01,asphalt_01,asphalt_01,asphalt_01,water_01,water_01,water_01
water_01,water_01,water_01,water_01,water_01,water_01,water_01,water_01,water_01,water_01,water_01,asphalt_01,asphalt_01,asphalt_01,asphalt_01,asphalt_01,asphalt_01,asphalt_01,asphalt_01,asphalt_01,asphalt_01,asphalt_01,asphalt_01,asphalt_01,asphalt_01,asphalt_01,asphalt_01,water_01,water_01,water_01
water_01,water_01,water_01,water_01,water_01,water_01,water_01,water_01,water_01,water_01,water_01,asphalt_01,asphalt_01,asphalt_01,asphalt_01,asphalt_01,asphalt_01,asphalt_01,asphalt_01,asphalt_01,asphalt_01,asphalt_01,asphalt_01,asphalt_01,asphalt_01,asphalt_01,asphalt_01,water_01,water_01,water_01
water_01,water_01,water_01,water_01,water_01,water_01,water_01,water_01,water_01,water_01,water_01,asphalt_01,asphalt_01,asphalt_01,asphalt_01,asphalt_01,asphalt_01,asphalt_01,asphalt_01,asphalt_01,asphalt_01,asphalt_01,asphalt_01,asphalt_01,asphalt_01,asphalt_01,asphalt_01,water_01,water_01,water_01
water_01,water_01,water_01,water_01,water_01,water_01,water_01,water_01,water_01,water_01,water_01,asphalt_01,asphalt_01,asphalt_01,asphalt_01,asphalt_01,asphalt_01,asphalt_01,asphalt_01,asphalt_01,asphalt_01,asphalt_01,asphalt_01,asphalt_01,asphalt_01,asphalt_01,asphalt_01,water_01,water_01,water_01
water_01,water_01,water_01,water_01,water_01,water_01,water_01,water_01,water_01,water_01,water_01,water_01,water_01,water_01,water_01,water_01,water_01,water_01,water_01,water_01,water_01,water_01,water_01,water_01,water_01,water_01,water_01,water_01,water_01,water_01
water_01,water_01,water_01,water_01,water_01,water_01,water_01,water_01,water_01,water_01,water_01,water_01,water_01,water_01,water_01,water_01,water_01,water_01,water_01,water_01,water_01,water_01,water_01,water_01,water_01,water_01,water_01,water_01,water_01,water_01
