,,,,,,,,,
,misc_chainwheel_left_right,misc_chainwheel_left_right,@@,@@,@@,window_02_close,@@,wall_01_part_left_top,
garden_dirty_1,,wall_01_part_right,@@,house_computer,military_radio,house_table,@@,misc_hook,
,,misc_blood,window_02_close,house_bench,,,window_02_close,,
,,,factory_industrial_part_top,,,,factory_industrial_part_top,,
garden_dirty_1,,,factory_industrial_part_top,outside_metal_fence_1,outside_metal_door_01_close,outside_metal_fence_1,factory_industrial_part_top,,
,,,,,,,tp_boat,,
,garden_tree_16,garden_stone,,garden_dirty_1,,,,,
,,misc_blood,garden_dirty_1,misc_chainwheel_left_right,wall_01_broke,wall_01_part_left,,,
,garden_dirty_1,,garden_tree_16,,garden_stone,,,,
